index,promise_status,promise_string,esg_label,timeline_label,evidence_status,evidence_string,quality_label
tensor(10001),Yes,,S,already,Yes,,Clear
tensor(10002),Yes,推動促進生物樣性建立永續的合,E,between_2_and_5_years,No,,Not Clear
tensor(10003),Yes,,E,already,Yes,,Clear
tensor(10004),Yes,,E,already,Yes,,Clear
tensor(10005),Yes,,S,already,Yes,,Clear
tensor(10006),Yes,,S,already,Yes,,Clear
tensor(10007),Yes,,E,already,Yes,"##3年擴大範全面採「，採購金額為617,979仟元，相較2023年成長近2倍2024年購總金額達27.82億元年度採購總金額達20.73%達成原度",Clear
tensor(10008),Yes,,E,already,Yes,，總及各主要製造廠區皆成立盤查委員會進行盤與理業務、生產、員工活動,Clear
tensor(10009),Yes,化增,S,between_2_and_5_years,Yes,,Clear
tensor(10010),Yes,,S,already,Yes,##4年發生一件人頻率(fr)上嚴率,Clear
tensor(10011),Yes,,E,already,Yes,,Clear
tensor(10012),Yes,,S,between_2_and_5_years,Yes,終所,Clear
tensor(10013),Yes,,G,already,No,,Clear
tensor(10014),Yes,,E,N/A,Yes,,Clear
tensor(10015),Yes,,S,between_2_and_5_years,No,,Clear
tensor(10016),Yes,,S,already,Yes,實施記名投度評估，結果顯示在機會期待方面得分規練課程,Clear
tensor(10017),Yes,,G,between_2_and_5_years,Yes,元,Not Clear
tensor(10018),Yes,,E,already,Yes,,Clear
tensor(10019),Yes,,G,already,No,,Clear
tensor(10020),Yes,,G,between_2_and_5_years,No,,Not Clear
tensor(10021),Yes,,E,already,Yes,較前,Clear
tensor(10022),Yes,致力,S,between_2_and_5_years,Yes,,Not Clear
tensor(10023),Yes,,S,between_2_and_5_years,Yes,,Clear
tensor(10024),Yes,,S,between_2_and_5_years,No,,Clear
tensor(10025),Yes,持續,S,between_2_and_5_years,Yes,,Clear
tensor(10026),Yes,,G,already,Yes,,Clear
tensor(10027),Yes,,G,already,No,,Clear
tensor(10028),Yes,,S,already,Yes,,Clear
tensor(10029),Yes,,G,already,No,,Clear
tensor(10030),Yes,,G,already,No,,Clear
tensor(10031),Yes,,E,already,Yes,,Clear
tensor(10032),Yes,持續保有創新競爭力永續營運果的歷程中，全能不斷感享有用良持續,S,already,Yes,,Clear
tensor(10033),Yes,,E,already,Yes,別,Clear
tensor(10034),Yes,,E,already,Yes,"thesclosures,tnfd）」「」",Clear
tensor(10035),Yes,,G,already,No,,Clear
tensor(10036),Yes,,G,already,No,,Clear
tensor(10037),Yes,,G,already,No,,Not Clear
tensor(10038),Yes,,E,already,No,,Clear
tensor(10039),Yes,,E,already,Yes,"##4止已安裝峰值量超過14,發量達15,4",Clear
tensor(10040),Yes,,S,already,Yes,至今已與全臺近六十間包含高中職與大專院校合作，近兩萬師生,Clear
tensor(10041),Yes,,S,already,Yes,」、「裝卸」及「土」,Clear
tensor(10042),Yes,,E,already,Yes,案與協會組織協會參與建立審查與監督機制，管理範疇涵蓋本公司全球營運據點關共事務政策及能源策與「黎協定」,Clear
tensor(10043),Yes,,E,already,No,,Clear
tensor(10044),Yes,,G,already,Yes,,Clear
tensor(10045),Yes,,G,already,Yes,,Clear
tensor(10046),Yes,,E,already,Yes,,Clear
tensor(10047),Yes,與內外利關係共同實踐,E,already,No,,Clear
tensor(10048),Yes,,E,already,Yes,,Clear
tensor(10049),Yes,,G,already,No,,Clear
tensor(10050),Yes,,S,between_2_and_5_years,Yes,,Clear
tensor(10051),Yes,,S,already,No,,Clear
tensor(10052),Yes,,E,already,Yes,包含持續提升資料中心之能效，所有辦公室使用led照明，冰水主機群組聯併並減少運轉台數等,Clear
tensor(10053),Yes,,S,already,Yes,,Clear
tensor(10054),Yes,,E,already,Yes,##3子公司瑞已完成簽約購買國際憑證(i-rec)，自2024年起該廠區範國子公司cortina-亦已於2024年向當地,Clear
tensor(10055),Yes,,E,already,Yes,,Clear
tensor(10056),Yes,,E,N/A,No,,Clear
tensor(10057),Yes,,S,already,Yes,「縮數位落差」及「創造數位機會」兩大社會推動「企業志工」參與在地社區服務，積當地社區,Clear
tensor(10058),Yes,,E,already,No,,Clear
tensor(10059),Yes,確降維護,E,already,Yes,,Clear
tensor(10060),Yes,,G,already,No,,Clear
tensor(10061),Yes,,S,already,Yes,,Clear
tensor(10062),Yes,,G,already,Yes,條款規,Clear
tensor(10063),Yes,,S,already,Yes,全台共計543台atm障礙)之atm3台232台為提供視障民眾使用之語音atm，並已新增存款功能，視障民眾可透過耳機插座插入耳機，進入無障礙語音模式，各項操作位置設有點字說明，供其觸覺清楚辨識，並藉由語音引導視障民眾按步驟操作，讓視障民眾不借助他人即可自行操作atm完成所需交易或查詢；2023年已完成現有atm之多國語言服務布建，新增日語、越南語、印尼語及泰國語等介面金融服務,Clear
tensor(10064),Yes,,E,between_2_and_5_years,No,,Not Clear
tensor(10065),Yes,,G,already,Yes,693,Clear
tensor(10066),Yes,,G,already,No,,Clear
tensor(10067),Yes,,S,already,Yes,,Clear
tensor(10068),Yes,,S,already,Yes,,Clear
tensor(10069),Yes,,E,between_2_and_5_years,No,,Not Clear
tensor(10070),Yes,,E,N/A,No,,Clear
tensor(10071),Yes,,S,between_2_and_5_years,Yes,,Not Clear
tensor(10072),Yes,,E,already,No,,Clear
tensor(10073),Yes,,G,already,No,,Clear
tensor(10074),Yes,,S,already,Yes,年底已有近4萬名金額,Clear
tensor(10075),Yes,,G,already,Yes,個子司台灣固網、台灣客服與台灣運範營業活動包含固定通訊、客戶服務與手機服務灣國內「電事業」三方網路動及固定通信等公眾電信網路之互連節點(pointofinterconnection，poi)制訂核網路國際電信業者間之信令,Clear
tensor(10076),Yes,,E,between_2_and_5_years,No,,Clear
tensor(10077),Yes,,E,already,Yes,,Clear
tensor(10078),Yes,,E,already,Yes,##4年表現最佳獲,Clear
tensor(10079),Yes,,E,already,No,,Clear
tensor(10080),Yes,,E,already,Yes,##s,Clear
tensor(10081),Yes,,S,already,No,,Clear
tensor(10082),Yes,,G,already,No,,Clear
tensor(10083),Yes,,E,already,Yes,,Clear
tensor(10084),Yes,,S,between_2_and_5_years,No,,Not Clear
tensor(10085),Yes,,E,N/A,No,,Clear
tensor(10086),Yes,,S,already,Yes,,Clear
tensor(10087),Yes,,E,already,Yes,,Clear
tensor(10088),Yes,,S,between_2_and_5_years,Yes,元學習發展方案培,Not Clear
tensor(10089),Yes,,E,already,Yes,,Clear
tensor(10090),Yes,,S,between_2_and_5_years,No,,Not Clear
tensor(10091),Yes,,S,already,Yes,,Clear
tensor(10092),Yes,,S,already,Yes,,Clear
tensor(10093),Yes,,G,already,No,,Clear
tensor(10094),Yes,,S,between_2_and_5_years,Yes,,Clear
tensor(10095),Yes,,S,already,Yes,任何違們腐政策的活動或行為採取零容忍政策。貪腐、賄賂、挪用公款及不當行為均被嚴格禁止。所有員工每年必須完成至少兩小時的反貪腐培訓此外，所有與供應商、廠商和客戶的合作必須嚴格遵守我們,Clear
tensor(10096),Yes,永,G,already,Yes,,Clear
tensor(10097),Yes,,E,already,No,,Clear
tensor(10098),Yes,,S,already,Yes,"」回收64,625份有效問卷回覆",Clear
tensor(10099),Yes,將持續推動與落實全球各地區各事業單位，以降低未知的風險，建立一個安的從而保障,G,already,Yes,,Clear
tensor(10100),Yes,,S,already,Yes,架構進行日常作業稽核，針對缺失項目要求責任位展開改計畫,Clear
tensor(10101),Yes,,G,already,Yes,,Clear
tensor(10102),Yes,,G,already,Yes,"針對人員亦投入當之教育訓練，總教育訓練時數達647小時；此外集團對金控及銀行、人壽、證券、投信、投顧、期貨、融資租賃等子公司之員工所提供之教育訓練方式，包含實體、線上e-learning及外部教育訓練課程，合計教育訓練時數為41,571.44小時，參加之員工人次為28,936人",Clear
tensor(10103),Yes,,E,already,Yes,覆蓋其中四大廠區總用電量的27.,Clear
tensor(10104),Yes,,G,already,No,,Clear
tensor(10105),Yes,,S,already,Yes,,Clear
tensor(10106),Yes,,E,already,No,,Clear
tensor(10107),Yes,,S,already,Yes,場包括赴社福團體、醫療機構、學校及安養機構辦理跨產業信託講眾信託過財講座客戶說,Clear
tensor(10108),Yes,,S,already,Yes,員會」委員會每三個月召開1次會議並，共提出11項於4年前完成,Clear
tensor(10109),Yes,,G,already,No,,Clear
tensor(10110),Yes,,S,already,Yes,官網友善服務專區取得「無障礙網路a級標章」認證，並遵照主管機關金融友善措施，提供電話、語音及電子下單等多元下單及開戶服務，結合無歧視性之數位化功能，讓客戶操作更直覺便利。此外，各項線上金融服務可免除臨櫃的不便與節省時間，並提供全天候24小時專業、完整的電子交,Clear
tensor(10111),Yes,,S,already,Yes,,Clear
tensor(10112),Yes,,S,already,Yes,電台灣有成立勞資會議、職工福利委員會，大陸皆成立職工代表大會南廠區則有工會組織會工,Clear
tensor(10113),Yes,,G,between_2_and_5_years,No,,Not Clear
tensor(10114),Yes,,S,between_2_and_5_years,Yes,,Clear
tensor(10115),Yes,"以價值角度出發,務,為把關所有的期許能發揮產業影響力引領產業正向展",S,between_2_and_5_years,Yes,,Not Clear
tensor(10116),Yes,,S,between_2_and_5_years,Yes,,Clear
tensor(10117),Yes,,E,N/A,No,,Clear
tensor(10118),Yes,動強生,E,between_2_and_5_years,No,,Clear
tensor(10119),Yes,,S,already,Yes,,Clear
tensor(10120),Yes,,G,already,Yes,」制「」經決議通過內部網站網站,Clear
tensor(10121),Yes,,G,already,Yes,,Clear
tensor(10122),Yes,,E,N/A,No,,Clear
tensor(10123),Yes,,E,already,No,,Clear
tensor(10124),Yes,,G,already,No,,Clear
tensor(10125),Yes,為創造一個更,E,between_2_and_5_years,No,,Clear
tensor(10126),Yes,攜手，持續透過各項社會公益專案的執行發揮影響力，為社會環境注入正能量，為打造美好社會前,S,between_2_and_5_years,Yes,,Not Clear
tensor(10127),Yes,,S,already,Yes,,Clear
tensor(10128),Yes,,G,already,No,,Clear
tensor(10129),Yes,,S,already,Yes,體員線上項理實體與線上課程,Clear
tensor(10130),Yes,,S,already,No,,Clear
tensor(10131),Yes,,S,already,No,,Not Clear
tensor(10132),Yes,,E,already,Yes,"金額達3,251億元",Clear
tensor(10133),Yes,,G,already,No,,Clear
tensor(10134),Yes,,S,already,Yes,,Clear
tensor(10135),Yes,,G,between_2_and_5_years,Yes,,Not Clear
tensor(10136),Yes,,E,N/A,No,,Clear
tensor(10137),Yes,,S,already,Yes,,Clear
tensor(10138),Yes,,S,already,Yes,"幣,",Clear
tensor(10139),Yes,,G,already,Yes,定「資料分級管理辦法」、「個人資護要點」、「資訊安全政策」、「資訊管理要點」等規範，明確制定之授權、使用、儲存、管理及銷毀等應遵循之,Clear
tensor(10140),Yes,,S,already,Yes,透過優化客服聊天機器人，導入aiagent為客戶提供即時的產品資訊問答與多元服務。該年度由aiagent協助之對話數量月增長率達26.1%，對話滿意度亦提升10%,Clear
tensor(10141),Yes,,S,already,Yes,益、耕社區關懷等5大目標,Clear
tensor(10142),Yes,,G,already,No,,Clear
tensor(10143),Yes,,E,already,Yes,,Clear
tensor(10144),Yes,,S,already,Yes,,Clear
tensor(10145),Yes,,E,already,Yes,運據點遍布包含、非洲總計40,Clear
tensor(10146),Yes,,G,already,No,,Clear
tensor(10147),Yes,,S,already,Yes,,Clear
tensor(10148),Yes,,E,N/A,Yes,,Clear
tensor(10149),Yes,,S,already,Yes,區偏鄉孩童長者，透過多元化的金融教育方案眾續深化「友善好鄰居」計畫，透過在地業務單位的力量，結合產官學界資源關懷弱勢族群；同時積極推廣運動風氣，支持各項運動賽事會,Clear
tensor(10150),Yes,,S,between_2_and_5_years,No,,Not Clear
tensor(10151),Yes,,G,already,No,,Clear
tensor(10152),Yes,,E,N/A,Yes,,Clear
tensor(10153),Yes,,S,already,Yes,,Clear
tensor(10154),Yes,,S,already,Yes,四大學院架構，分別為管理學院、專業學院、通識學院及新人學院。這些學院專注於不同領域的學習需求，涵蓋員工的不同職涯階段與發展向學院,Clear
tensor(10155),Yes,,E,N/A,Yes,##4成體設計,Clear
tensor(10156),Yes,,E,N/A,Yes,,Clear
tensor(10157),Yes,,S,already,Yes,"並成立勞工退休準備金監督委員會(2024年度共計召開5次會議，依舊制辦理退休人數共計134人，給付金額426,329,668元)，監督執行退休金提撥及發給等相關業務。退工退休準備金監督委員會之名義專戶儲存灣銀",Clear
tensor(10158),Yes,，積極與內外部利害關係，穩健邁向更具韌性,S,between_2_and_5_years,Yes,,Not Clear
tensor(10159),Yes,作承諾持續改善污,E,between_2_and_5_years,Yes,,Not Clear
tensor(10160),Yes,,S,already,Yes,,Clear
tensor(10161),Yes,未來也將持續增進利害關係人之參與，透過妥善溝通管道取得回饋來評估各項行動之有效,G,between_2_and_5_years,Yes,,Not Clear
tensor(10162),Yes,,S,already,Yes,、機械人員、人員人員等照資格教育訓練及自動檢查機,Clear
tensor(10163),Yes,,S,already,No,,Clear
tensor(10164),Yes,,E,already,Yes,"自51個國家的416個組織採用務揭露(taskrelatedfinancialdisclosures,tnfd)，其中45%來自亞洲",Clear
tensor(10165),Yes,,E,already,No,,Clear
tensor(10166),Yes,,S,already,Yes,-2026。2024年總計54項其項達標、5項未達標達標率89.6%,Clear
tensor(10167),Yes,,E,already,No,,Clear
tensor(10168),Yes,,E,already,Yes,,Clear
tensor(10169),Yes,,S,already,Yes,,Clear
tensor(10170),Yes,,S,between_2_and_5_years,Yes,,Not Clear
tensor(10171),Yes,,S,already,No,,Clear
tensor(10172),Yes,,S,between_2_and_5_years,Yes,,Clear
tensor(10173),Yes,,S,already,Yes,,Clear
tensor(10174),Yes,,E,between_2_and_5_years,No,,Clear
tensor(10175),Yes,,G,already,No,,Clear
tensor(10176),Yes,,E,N/A,Yes,,Clear
tensor(10177),Yes,,E,between_2_and_5_years,No,,Clear
tensor(10178),Yes,,E,N/A,Yes,設備採據慧術」、「建置東亞idc雲端機房」、「推動門市數位化營運」、「推出二手手機認證濟」、「深化源布局」,Clear
tensor(10179),Yes,,E,between_2_and_5_years,Yes,,Clear
tensor(10180),Yes,,S,already,Yes,櫃檯提供身障客戶預約服務，客戶可撥打客服專線或以網路留言方式進行預約，客戶服務櫃檯會安排專人至櫃檯門口或電梯口接送與導引；櫃檯門口亦設有服務鈴或安排專人引導，同時櫃檯內備有輪椅、老花眼鏡、led放大鏡等貼心輔,Clear
tensor(10181),Yes,積極落實永,S,between_2_and_5_years,No,,Not Clear
tensor(10182),Yes,,G,already,No,,Clear
tensor(10183),Yes,,E,N/A,No,,Clear
tensor(10184),Yes,,E,already,No,,Clear
tensor(10185),Yes,,S,already,Yes,基金會共同培育未才攜手規劃wistronlabrage+空間，並捐助支持aama搖籃,Clear
tensor(10186),Yes,管理目標在節約用水同時，更積極提升循環回收,E,between_2_and_5_years,Yes,,Not Clear
tensor(10187),Yes,,E,between_2_and_5_years,Yes,"基地分布於中國大陸的、東、成都、武漢、,以及南河南,同時在全球設有業務行銷與物流倉儲據點,技術支援網絡隨時待命,以便為來自亞洲、北美、南美及歐洲等地的客戶供",Not Clear
tensor(10188),Yes,實現共同打造更美,S,between_2_and_5_years,No,,Not Clear
tensor(10189),Yes,,E,already,No,,Clear
tensor(10190),Yes,,G,already,No,,Clear
tensor(10191),Yes,,E,already,Yes,,Clear
tensor(10192),Yes,,E,already,No,,Clear
tensor(10193),Yes,,S,already,Yes,,Clear
tensor(10194),Yes,,E,N/A,Yes,,Clear
tensor(10195),Yes,,S,already,Yes,,Clear
tensor(10196),Yes,,E,already,No,,Clear
tensor(10197),Yes,,E,already,Yes,「明部長擔任頒獎人由總理代表出,Clear
tensor(10198),Yes,,S,already,Yes,,Clear
tensor(10199),Yes,,S,already,Yes,包括避免或減少加或過長的時間、設定最長的間、確保等,Clear
tensor(10200),Yes,,G,already,Yes,,Clear
tensor(10201),Yes,,G,already,No,,Clear
tensor(10202),Yes,,S,already,Yes,,Clear
tensor(10203),Yes,,S,already,No,,Clear
tensor(10204),Yes,,E,N/A,Yes,,Clear
tensor(10205),Yes,,S,already,Yes,"。2024年社區營造投入近新台幣6,804萬元，幫助約13,276位受益者，包括社區弱勢學生課後輔導485位及資助清寒家庭學童共12,791人次、合作公益機構57個等，",Clear
tensor(10206),Yes,,G,already,Yes,全數據點比率4告顯示,Clear
tensor(10207),Yes,,E,already,Yes,至2024年額達新臺幣2023年底幣,Clear
tensor(10208),Yes,規劃並透過低碳營運作為，促使水資循環再用，為下一代創造永續未,E,between_2_and_5_years,Yes,,Clear
tensor(10209),Yes,,S,already,Yes,##4年prefervendor採購金額,Clear
tensor(10210),Yes,能攜手各推動,G,already,Yes,,Clear
tensor(10211),Yes,,S,already,Yes,,Clear
tensor(10212),Yes,,S,already,Yes,,Clear
tensor(10213),Yes,,S,already,Yes,,Clear
tensor(10214),Yes,,S,already,No,,Clear
tensor(10215),Yes,,G,already,No,,Clear
tensor(10216),Yes,,S,already,Yes,相較2023年僅增加約7.93%，且2024年年度營業收入較2023年增加58.37%，使能源使用強度較2023年減少31.,Clear
tensor(10217),Yes,持續提,G,between_2_and_5_years,Yes,理、三(,Not Clear
tensor(10218),Yes,持續透過實審查深化與之連結並推進永續實,G,already,Yes,,Clear
tensor(10219),Yes,,G,already,Yes,,Clear
tensor(10220),Yes,,G,already,Yes,,Clear
tensor(10221),Yes,,E,N/A,No,,Clear
tensor(10222),Yes,,S,already,Yes,系統機制「mycareer+」流程簡便公開透明機制,Clear
tensor(10223),Yes,,E,already,No,,Clear
tensor(10224),Yes,,S,already,Yes,法制度優化、影音宣傳、以及每年盛大舉辦的,Clear
tensor(10225),Yes,,G,already,Yes,,Clear
tensor(10226),Yes,,S,already,Yes,興,Clear
tensor(10227),Yes,持續優,G,between_2_and_5_years,No,,Not Clear
tensor(10228),Yes,,S,already,Yes,"總練人次數13,018人次，完訓率100%。2024年無重大災害(死亡/殘廢)",Clear
tensor(10229),Yes,,S,between_2_and_5_years,No,,Not Clear
tensor(10230),Yes,,E,between_2_and_5_years,No,,Clear
tensor(10231),Yes,,E,N/A,No,,Clear
tensor(10232),Yes,,G,between_2_and_5_years,Yes,」、「」、「」、「提升資源利用綜，擴大團規模」、「業會」等策略軸化核心本業、客戶服務、集團管理、人才培育、社會責任,Clear
tensor(10233),Yes,,E,N/A,Yes,,Clear
tensor(10234),Yes,,S,already,Yes,,Clear
tensor(10235),Yes,,E,already,No,,Clear
tensor(10236),Yes,,S,between_2_and_5_years,No,,Not Clear
tensor(10237),Yes,將持續依最，確保相關策略能夠有效應對未來,E,between_2_and_5_years,Yes,,Not Clear
tensor(10238),Yes,促進價值鏈共同支持,E,between_2_and_5_years,Yes,,Clear
tensor(10239),Yes,,S,already,Yes,人組成中鋼職工福利委員會，設置職工福利社、福利餐廳、集團會館、單身宿舍、健身館、上下班交通補助、自助洗衣中心及閱覽室等福利設施，且開放協力員工與地區居民使用福利社、員工餐廳、健身館、幼兒園及閱覽室等公共福利設施，並每年辦理福利社滿意度調查，113年度福利部份滿意度調查平均分數為85.1分,Clear
tensor(10240),Yes,,E,N/A,No,,Clear
tensor(10241),Yes,,S,already,Yes,年與兒童醫療基金會合作「聖誕歡樂列車」活動，2024年將聖誕禮物贈送給花蓮門諾醫院110位病童、彰化基督教醫院200位病童及台大兒童醫院180位病童，合計490位病童希望帶給病童溫,Clear
tensor(10242),Yes,,E,between_2_and_5_years,No,,Not Clear
tensor(10243),Yes,,S,already,Yes,,Clear
tensor(10244),Yes,,E,between_2_and_5_years,No,,Clear
tensor(10245),Yes,,S,already,Yes,本公司參考國際人權法典(internationalbillofhumanrights)、聯合國全球盟約(unitednationsglobalcompact)、國際勞工組織(internationallabourorganition)核心公約標準等國際人權公約，制定了本公司的人權政策，亦訂定公司內部規章，對於違反法令公司內部規定者，以相關懲處辦法進行懲,Clear
tensor(10246),Yes,,S,already,Yes,"季期間，富邦悍將隊於新莊主場賽事每得1分，本公司即捐贈新北在地弱勢學子1年7,200元的助學金。2024年共捐助新臺幣約164萬元，幫助228位弱勢學童",Clear
tensor(10247),Yes,,G,already,No,,Clear
tensor(10248),Yes,,E,already,Yes,,Clear
tensor(10249),Yes,,E,already,No,,Clear
tensor(10250),Yes,,S,between_2_and_5_years,No,,Not Clear
tensor(10251),Yes,,S,already,Yes,,Clear
tensor(10252),Yes,,S,already,Yes,"週內進行「完修案件系統電訪滿意度」調查，每週進行檢討，並依據落後項目與區域進行加強管理，以提高整體滿意度，滿意度績效以淨推薦率(touchpointnetpromoterscore,tnps)進行追蹤，2024年淨推薦率(tnps)實際達成為97%",Clear
tensor(10253),Yes,,G,already,Yes,,Clear
tensor(10254),Yes,,G,already,No,,Clear
tensor(10255),Yes,,S,already,Yes,,Clear
tensor(10256),Yes,,E,already,No,,Clear
tensor(10257),Yes,逐步將強化,G,already,Yes,,Clear
tensor(10258),Yes,,E,already,Yes,,Clear
tensor(10259),Yes,,E,between_2_and_5_years,No,,Clear
tensor(10260),Yes,,S,between_2_and_5_years,No,,Not Clear
tensor(10261),Yes,,S,already,Yes,"倡議組織(responsiblemineralsinitiative,rmi)的cmrt和emrttemplate，並搭配rmi公布最新的合格廠名單進行整體鑑別。根據2024年調查結果，供應鏈共使用201家合格冶煉廠使用合格分主要位於亞",Clear
tensor(10262),Yes,,S,already,Yes,將與管理作為納入採購前的「廠商資料檢核表」檢核項目及「供應商分級評鑑」之評估指標項目，藉由「事前檢核」機制，加強供應商理及「事後管理」機制，鼓,Clear
tensor(10263),Yes,,E,already,Yes,"款餘額逾3,575億元金額逾1.2元",Clear
tensor(10264),Yes,持續追蹤、管理持續減少程中產,E,already,Yes,,Clear
tensor(10265),Yes,,S,already,No,,Clear
tensor(10266),Yes,,S,already,Yes,"關議題教育訓練、講座，例如：合庫銀行提撥1,112萬元預算辦理「公平待客原則高階講座」、「合庫健康學堂講座」、「合庫講堂」、「高齡金融規劃顧問師培訓課程」、「環境永續訓練班」、「esg教育訓練」等永續轉型課程；esg相關教育訓練亦涵蓋資訊安全、誠信經營、個資保護、公平待客則及氣候變遷之負面影響等，完訓率100%",Clear
tensor(10267),Yes,方打造一與民眾能近距離而認識珍惜展現對的具體,E,between_2_and_5_years,No,,Clear
tensor(10268),Yes,致力於通過有效的環境管理來減少對地球的影響並積極採取行動以保護自,E,between_2_and_5_years,No,,Not Clear
tensor(10269),Yes,,E,between_2_and_5_years,No,,Not Clear
tensor(10270),Yes,,E,already,Yes,,Clear
tensor(10271),Yes,,G,already,Yes,,Clear
tensor(10272),Yes,,G,already,No,,Clear
tensor(10273),Yes,,S,already,Yes,,Clear
tensor(10274),Yes,,S,between_2_and_5_years,No,,Clear
tensor(10275),Yes,,S,already,No,,Clear
tensor(10276),Yes,,E,between_2_and_5_years,No,,Clear
tensor(10277),Yes,,E,between_2_and_5_years,No,,Clear
tensor(10278),Yes,重視,E,already,Yes,,Clear
tensor(10279),Yes,,G,already,Yes,,Clear
tensor(10280),Yes,,E,between_2_and_5_years,No,,Clear
tensor(10281),Yes,,G,already,Yes,,Clear
tensor(10282),Yes,,S,between_2_and_5_years,No,,Not Clear
tensor(10283),Yes,,S,already,Yes,,Clear
tensor(10284),Yes,,S,already,Yes,過e-learning系統所開設之各項受時參「」「務施」線,Clear
tensor(10285),Yes,,E,already,Yes,,Clear
tensor(10286),Yes,,E,N/A,Yes,,Clear
tensor(10287),Yes,,E,already,No,,Clear
tensor(10288),Yes,,G,already,No,,Clear
tensor(10289),Yes,未來將持續評估開發廢水回收再利用理設施改造提升回收量，持續降低單位產品,E,between_2_and_5_years,No,,Clear
tensor(10290),Yes,積極建構應對全球變局的能力,G,between_2_and_5_years,Yes,2024年不僅創下歷年營收與獲利新高,Not Clear
tensor(10291),Yes,,G,already,No,,Clear
tensor(10292),Yes,,E,between_2_and_5_years,Yes,,Clear
tensor(10293),Yes,,S,already,Yes,"各部門自主檢查提案(2024年自主檢查達96.3%，優於93.9%)、各單位績效評核、安衛部門執行內部稽核，2024年共38場次內部稽核，開立11件矯正措施單，亦藉由內部稽核活動進行雙向溝通、每年執行第三方單位外部稽核、環境安全巡檢系統(safety&environmenteventtrackingsystem,sets)：員工自主提案缺失並追蹤改善案件共1,555",Clear
tensor(10294),Yes,,G,already,No,,Clear
tensor(10295),Yes,,G,already,No,,Clear
tensor(10296),Yes,，持續投,S,between_2_and_5_years,No,,Not Clear
tensor(10297),Yes,承諾為，為推動灣水域的永續展盡心,E,between_2_and_5_years,No,,Not Clear
tensor(10298),Yes,,S,already,Yes,體「stron(wiw)」2024年wiw舉辦了多場活動，包括1場成立大會、2場領導力講座與2場交流活動，累計吸引784人次參,Clear
tensor(10299),Yes,,G,already,No,,Clear
tensor(10300),Yes,,S,already,Yes,設「,Clear
tensor(10301),Yes,,S,between_2_and_5_years,Yes,,Not Clear
tensor(10302),Yes,,S,already,Yes,,Clear
tensor(10303),Yes,,G,between_2_and_5_years,No,,Not Clear
tensor(10304),Yes,,E,N/A,Yes,設備、,Clear
tensor(10305),Yes,,S,already,Yes,"維修交貨天數(tat)方表現近三年的總體表現與趨勢：2022年：共接受2,315件，平均維修交貨天數保持在42天。2023年：返修數量減少至2,000件，但平均維修交貨天數升至46天。2024年：返修數量增加至2,573件，但平均維修交貨天數升至47",Clear
tensor(10306),Yes,,G,already,Yes,牆、端點護、特權帳號理、雙因認證機,Clear
tensor(10307),Yes,,G,already,Yes,,Clear
tensor(10308),Yes,,S,between_2_and_5_years,No,,Not Clear
tensor(10309),Yes,,S,already,Yes,"##4年度共辦理20場教育訓練，受訓人次達62,133人次，計104,509",Clear
tensor(10310),Yes,,G,already,Yes,"管理(businesscontinuitymanagement,bcm)規範系統",Clear
tensor(10311),Yes,,E,already,Yes,##4年灣在地採購金額為109億元比率約82%採採購比率約總金4體採購,Clear
tensor(10312),Yes,,E,already,Yes,,Clear
tensor(10313),Yes,,E,already,No,,Clear
tensor(10314),Yes,,S,already,Yes,##4達到97.離島地區鄉離島地區行2024年鄉人口涵蓋率達%離島地區,Clear
tensor(10315),Yes,,S,already,Yes,年,Clear
tensor(10316),Yes,,S,already,Yes,法成立「退休金監督管理委員會」，負責舊制退休金管辦，舊制退休金每位具舊制退休金年資者之2%月薪資，按月提存至台灣銀行舊制退休準備金帳戶。每年亦委請精算師提出精算報告，確保足額提撥保障員,Clear
tensor(10317),Yes,,E,already,Yes,,Clear
tensor(10318),Yes,,S,already,Yes,,Clear
tensor(10319),Yes,,E,between_2_and_5_years,Yes,,Clear
tensor(10320),Yes,協,G,between_2_and_5_years,Yes,,Not Clear
tensor(10321),Yes,提創造永,G,between_2_and_5_years,Yes,,Not Clear
tensor(10322),Yes,,E,between_2_and_5_years,No,,Clear
tensor(10323),Yes,,S,already,Yes,設培育計畫步驟包含由人力資源單位各事業單位最高主管組討論進能評人績效潛能出人才九宮格與經理及各事業單位最高主管討論確認人才九宮格並依據人選結職能職能予以培訓職務歷練,Clear
tensor(10324),Yes,,G,already,No,,Clear
tensor(10325),Yes,,S,already,Yes,縣原鄉教育為例，提供石磊國小、玉峰國小、秀巒國小和新光國小四所學校的學習獎助與協助，長期投入、豐富偏遠校園的教育資源,Clear
tensor(10326),Yes,,S,already,Yes,供人文字客服外，官網、網路atm及簡易功能eatm皆已取得數位發展部網站無障礙規範2.1版「aa」等級標章，友善個人網銀更進階取得無障礙規範2.1版「aaa」等級標章，友善行動網銀亦取得無障礙團體檢測合格證書，以符合身心障礙客戶所需之操作功能和介面，並提供可線上申辦atm跨行提款手續費減免3次之優惠，另亦可透過網路銀行、行動網銀等多種管道辦理信用卡之申請、開卡、掛失等服務,Clear
tensor(10327),Yes,,S,already,Yes,,Clear
tensor(10328),Yes,,S,already,No,,Clear
tensor(10329),Yes,,S,between_2_and_5_years,Yes,,Clear
tensor(10330),Yes,,S,already,Yes,,Clear
tensor(10331),Yes,,G,already,Yes,,Clear
tensor(10332),Yes,,E,already,No,,Clear
tensor(10333),Yes,,S,already,Yes,,Clear
tensor(10334),Yes,設定管理方針因應措施，強化面對不機會的應變能力，增加企業永續經,E,between_2_and_5_years,Yes,,Not Clear
tensor(10335),Yes,,S,already,Yes,,Clear
tensor(10336),Yes,,E,between_2_and_5_years,No,,Not Clear
tensor(10337),Yes,,S,already,Yes,照《制程序》進行頭則參照《鑑別及風險評估管理程序》及《組織環境議題鑑別及風險機會管理程序》，依據制定的風險評估時機，辦理風,Clear
tensor(10338),Yes,,S,already,Yes,約會預先經過員工審閱簽署選舉比例50%%定期舉辦勞資會議會議,Clear
tensor(10339),Yes,,S,already,Yes,,Clear
tensor(10340),Yes,,E,between_2_and_5_years,No,,Clear
tensor(10341),Yes,,E,N/A,Yes,各系統（如電力系統、it機房、照明系統、空調系統、氣體系統、測試區機台等）的,Clear
tensor(10342),Yes,,E,N/A,No,,Clear
tensor(10343),Yes,,E,already,No,,Clear
tensor(10344),Yes,202年人均用水達成目標,E,between_2_and_5_years,Yes,,Clear
tensor(10345),Yes,,S,already,Yes,幅提高生育津貼補助金額，由每胎最高補助10萬元提高至15萬元，加計職工福利社之生育補助後，每位新手爸媽最高單胎可領取16萬元的補助,Clear
tensor(10346),Yes,,S,between_2_and_5_years,Yes,,Clear
tensor(10347),Yes,,S,already,Yes,,Clear
tensor(10348),Yes,,S,already,Yes,承銷7券，總額新臺幣50.63億元；券投資金額新臺幣770.37億,Clear
tensor(10349),Yes,,S,already,Yes,,Clear
tensor(10350),Yes,,S,already,Yes,,Clear
tensor(10351),Yes,題關注推動整,S,already,Yes,,Clear
tensor(10352),Yes,,G,already,No,,Clear
tensor(10353),Yes,,S,already,Yes,,Clear
tensor(10354),Yes,,S,already,No,,Clear
tensor(10355),Yes,,G,already,No,,Clear
tensor(10356),Yes,,E,between_2_and_5_years,No,,Not Clear
tensor(10357),Yes,,S,already,Yes,,Clear
tensor(10358),Yes,,S,already,Yes,參考場酬準辦理調因別而有差別,Clear
tensor(10359),Yes,,G,already,No,,Clear
tensor(10360),Yes,,S,between_2_and_5_years,Yes,,Not Clear
tensor(10361),Yes,,S,already,Yes,,Clear
tensor(10362),Yes,,E,N/A,No,,Clear
tensor(10363),Yes,,S,already,No,,Clear
tensor(10364),Yes,,E,N/A,No,,Clear
tensor(10365),Yes,,S,already,Yes,,Clear
tensor(10366),Yes,,S,between_2_and_5_years,Yes,,Not Clear
tensor(10367),Yes,實，並進一步推動司發展妥減緩調適措施，提升整體對,E,already,Yes,,Clear
tensor(10368),Yes,,G,already,No,,Clear
tensor(10369),Yes,,G,between_2_and_5_years,No,,Not Clear
tensor(10370),Yes,進,E,between_2_and_5_years,Yes,、運與務等各項,Not Clear
tensor(10371),Yes,,E,already,No,,Clear
tensor(10372),Yes,,E,already,Yes,"於基證券大直大樓、金控總部大樓、凱基銀行高雄、赤崁及東門三家分行導入iso50001能源管理系統且維持證書有效性，。2024年凱基金控購置使用8,816.28仟度綠電，以及自發自用82.04仟度綠電，全年度共使用8,898.32仟度綠電約占凱基金控總用電19.9%，相當減少4,395.77公",Clear
tensor(10373),Yes,,S,between_2_and_5_years,No,,Clear
tensor(10374),Yes,,G,already,Yes,方網站,Clear
tensor(10375),Yes,,E,already,No,,Clear
tensor(10376),Yes,確達,E,between_2_and_5_years,No,,Clear
tensor(10377),Yes,,S,already,Yes,全臺營業據點為高齡者、身心障礙人士設置高齡及無障礙服務專區外，並配置具合格急救證照之服務人員，同時提供高齡客戶老花眼鏡及血壓計使用，臨櫃服務時亦主動關心高齡及身心障礙客戶，營業櫃檯高度更以適合輪椅長者書寫文件進行規劃，並提供各項敬老諮詢服務，如需叫車、借用輪椅時，將派專人協助服務,Clear
tensor(10378),Yes,將透過能發展整合，以取提降,S,between_2_and_5_years,No,,Not Clear
tensor(10379),Yes,,G,already,No,,Clear
tensor(10380),Yes,,S,between_2_and_5_years,No,,Not Clear
tensor(10381),Yes,,S,already,No,,Clear
tensor(10382),Yes,,G,between_2_and_5_years,No,,Not Clear
tensor(10383),Yes,,E,N/A,Yes,,Clear
tensor(10384),Yes,,S,already,Yes,「策、序、文件、標準、、,Clear
tensor(10385),Yes,,E,between_2_and_5_years,No,,Clear
tensor(10386),Yes,,S,already,Yes,交通大學資訊工程學系合作，推出「最佳實踐」的研究所課程並進步擴展至國立臺灣大學資訊工程學系與資訊管理學系。截至民國113年，2校共計開設4班次，累計508名學子修課,Clear
tensor(10387),Yes,,G,already,No,,Clear
tensor(10388),Yes,,E,already,Yes,,Clear
tensor(10389),Yes,,S,already,Yes,,Clear
tensor(10390),Yes,致力於領導執行永續發展年度計畫，以落實環境會治理面向各議題為己任，持續精進永續發展作,G,between_2_and_5_years,Yes,,Not Clear
tensor(10391),Yes,,E,already,Yes,,Clear
tensor(10392),Yes,,G,already,Yes,上設立害關係人專區，提供與害關係人溝通及聯繫之管道，亦在平時蒐集彙整與害關係溝通之作為,Clear
tensor(10393),Yes,,S,between_2_and_5_years,No,,Not Clear
tensor(10394),Yes,,E,N/A,Yes,,Clear
tensor(10395),Yes,,G,already,No,,Clear
tensor(10396),Yes,,S,already,Yes,,Clear
tensor(10397),Yes,,S,between_2_and_5_years,Yes,,Clear
tensor(10398),Yes,,G,already,Yes,,Clear
tensor(10399),Yes,,G,already,Yes,,Clear
tensor(10400),Yes,,E,already,Yes,,Clear
tensor(10401),Yes,,E,between_2_and_5_years,No,,Clear
tensor(10402),Yes,,G,already,Yes,年定期辦理資管理系統,Clear
tensor(10403),Yes,,G,already,Yes,,Clear
tensor(10404),Yes,,E,between_2_and_5_years,No,,Clear
tensor(10405),Yes,長期保育進而提升公眾對生態護的意識支,E,between_2_and_5_years,No,,Clear
tensor(10406),Yes,影響力傳遞至全,S,already,Yes,合申辦數位帳戶及購買壽險產品提撥捐助金額、免費提供公益團體捐款訊息露出、鼓勵客戶透過信用卡捐款、捐助山區及偏鄉醫療站設備等弱勢族群偏鄉居民資,Clear
tensor(10407),Yes,,S,already,Yes,"##4年全球計畫招聘1,440人，共收到21,680份履歷，為預計招聘人數的15倍，聘用到任率約85%",Clear
tensor(10408),Yes,,S,already,No,,Clear
tensor(10409),Yes,共,E,already,Yes,"截至2024年底，控專案投融資餘額新臺幣591.93億元，累計主辦融資金額逾新臺幣4,700億",Clear
tensor(10410),Yes,利取得適當的平衡在實現策略目標的過程中追求最佳報,G,between_2_and_5_years,No,,Not Clear
tensor(10411),Yes,,S,already,Yes,一制員規定僱外國人之法規，遵循各項外國人聘僱規定辦理簽證、工作證等各項申請，各項作業由專人負責與管控確保均符合政府定三提,Clear
tensor(10412),Yes,,G,already,No,,Clear
tensor(10413),Yes,,E,between_2_and_5_years,No,,Not Clear
tensor(10414),Yes,,G,already,Yes,##4入經費占全部預算費用之比率為5.44%、無發生重,Clear
tensor(10415),Yes,,E,already,Yes,,Clear
tensor(10416),Yes,,S,already,Yes,sd)包括：sdg4(優質教育)、sdg8(及經濟長)、sdg9(產業創新與基礎設)及sdg17(夥關,Clear
tensor(10417),Yes,,S,already,Yes,,Clear
tensor(10418),Yes,,E,already,No,,Clear
tensor(10419),Yes,,G,between_2_and_5_years,No,,Not Clear
tensor(10420),Yes,,G,already,No,,Not Clear
tensor(10421),Yes,續提升精進,G,already,Yes,,Clear
tensor(10422),Yes,,G,already,No,,Clear
tensor(10423),Yes,,E,already,No,,Clear
tensor(10424),Yes,,S,between_2_and_5_years,No,,Clear
tensor(10425),Yes,,S,already,Yes,,Clear
tensor(10426),Yes,,G,already,No,,Clear
tensor(10427),Yes,,S,already,Yes,"提供員工優於法定生育、育兒補助及給假，包括產檢假、陪產檢及陪產假8天，有薪產假10週，每胎新生兒補助100,000元，6歲以下子女育兒補助每年每人從15,000元調高至24,000元，相同性別之二人依司法院釋字第七四八號解釋施行法辦理結婚登記者，亦有適用。2024年發放員工生育及育兒津貼逾1億元，照顧逾2,697名",Clear
tensor(10428),Yes,,S,already,No,,Clear
tensor(10429),Yes,,E,already,No,,Clear
tensor(10430),Yes,,E,already,Yes,,Clear
tensor(10431),Yes,致力實現釋能量點永續,G,between_2_and_5_years,No,,Not Clear
tensor(10432),Yes,,S,already,Yes,貸、貸及創業貸款等貸款專案，2024年專案推動情,Clear
tensor(10433),Yes,,S,already,Yes,「南銀行亦與企業工會依雙方約定之勞動條件簽訂「團體協約」，且每3年召開會議檢視與修訂契約內容，確保勞工之勞集團設有暢通之溝通管道並定期召開勞資會議，員工亦透過績效考團各公司均設置申訴專線及電子信箱,Clear
tensor(10434),Yes,,E,N/A,No,,Clear
tensor(10435),Yes,,S,already,No,,Clear
tensor(10436),Yes,實現,E,between_2_and_5_years,No,,Clear
tensor(10437),Yes,,E,N/A,No,,Clear
tensor(10438),Yes,,S,already,Yes,,Clear
tensor(10439),Yes,,E,already,No,,Clear
tensor(10440),Yes,,G,already,Yes,,Not Clear
tensor(10441),Yes,,E,N/A,No,,Clear
tensor(10442),Yes,,S,already,Yes,,Not Clear
tensor(10443),Yes,,S,already,Yes,,Clear
tensor(10444),Yes,,S,already,Yes,,Clear
tensor(10445),Yes,,G,already,No,,Clear
tensor(10446),Yes,,G,between_2_and_5_years,No,,Not Clear
tensor(10447),Yes,,S,already,No,,Clear
tensor(10448),Yes,,G,already,No,,Clear
tensor(10449),Yes,,G,already,Yes,功能過位之參與度與熟悉度，行、理之業能及因應力,Clear
tensor(10450),Yes,,S,already,Yes,"包含推出再生布料製作衣、落實資（如活動手冊及完賽證書電子化、使用紙袋及避免過度包裝）、使用電動汽機車等措施，更首度規劃「永續組」邀請者響應，節省經費總計136,480元回饋基金",Clear
tensor(10451),Yes,擴大推展,E,already,Yes,體、在地社區民共同活動，2024年共辦理9場次，參與人數逾千人,Clear
tensor(10452),Yes,,E,already,No,,Clear
tensor(10453),Yes,,G,already,No,,Clear
tensor(10454),Yes,掌握用水結構用來源提升產業用,E,already,Yes,,Clear
tensor(10455),Yes,,S,already,Yes,"至全20縣市，所515位、涵蓋生38,038人次",Clear
tensor(10456),Yes,,G,already,No,,Clear
tensor(10457),Yes,,G,already,No,,Clear
tensor(10458),Yes,,S,already,Yes,,Clear
tensor(10459),Yes,,E,N/A,Yes,,Clear
tensor(10460),Yes,,S,already,Yes,,Clear
tensor(10461),Yes,施，確達以持續推動系統的持續改善，如期達成,E,already,Yes,內部、內外部溝通資議,Clear
tensor(10462),Yes,,E,N/A,Yes,,Clear
tensor(10463),Yes,,S,already,Yes,資會同意後會撥款已連續12年攜手職棒球員工會推動「職棒工會回饋列車」，走訪百餘所機關學校，與少棒選手互動交流。2024年度「職棒球員防賭基金信託」財產本金達新台幣1.74億元,Clear
tensor(10464),Yes,,E,already,Yes,已有9棟取司2024年提報國際不動產永續基準評級gresb不動產類別中的開發基準(realestateassessment-developmentbenchmark)，獲得最高五星評等肯定並且榮獲「區域產業領袖獎」(regionalsectorleader)殊榮辦於2024年榮,Clear
tensor(10465),Yes,,E,between_2_and_5_years,No,,Not Clear
tensor(10466),Yes,續在全球各地落實，強化策略。推動自然保育與永續發展以促進環保、公益業責任交流，實現人與環境共好身平,E,already,No,,Clear
tensor(10467),Yes,將持續推動減方案，朝零目標邁,S,already,Yes,,Clear
tensor(10468),Yes,,E,already,Yes,,Clear
tensor(10469),Yes,,S,already,Yes,,Clear
tensor(10470),Yes,,S,already,Yes,,Clear
tensor(10471),Yes,,G,already,No,,Clear
tensor(10472),Yes,,S,already,Yes,會,Clear
tensor(10473),Yes,,E,between_2_and_5_years,No,,Clear
tensor(10474),Yes,,S,already,Yes,,Clear
tensor(10475),Yes,,E,already,Yes,業部司(司,Clear
tensor(10476),Yes,,E,already,Yes,,Clear
tensor(10477),Yes,,G,already,Yes,,Clear
tensor(10478),Yes,,E,already,No,,Clear
tensor(10479),Yes,期待持續合作，促進清,E,between_2_and_5_years,No,,Clear
tensor(10480),Yes,,S,already,Yes,,Clear
tensor(10481),Yes,,G,already,Yes,,Clear
tensor(10482),Yes,,S,already,Yes,"截至2024年底之高齡化保險商品契約（含投資型年金、利變型年金、長期照顧保險、小額終老）合計29,228件、保費321.06億元",Clear
tensor(10483),Yes,,S,already,No,,Clear
tensor(10484),Yes,持續,S,between_2_and_5_years,No,,Not Clear
tensor(10485),Yes,,G,already,Yes,,Clear
tensor(10486),Yes,,G,already,Yes,,Clear
tensor(10487),Yes,,G,already,Yes,,Clear
tensor(10488),Yes,,E,already,No,,Clear
tensor(10489),Yes,,E,already,No,,Clear
tensor(10490),Yes,,S,already,Yes,「,Clear
tensor(10491),Yes,,E,already,Yes,,Clear
tensor(10492),Yes,,G,already,No,,Clear
tensor(10493),Yes,精進育方式，嘗試提高加速恢復生物多,E,already,Yes,,Clear
tensor(10494),Yes,,S,already,Yes,,Clear
tensor(10495),Yes,,G,already,Yes,,Clear
tensor(10496),Yes,,E,already,Yes,,Clear
tensor(10497),Yes,持續以高標準檢視供應永續作為期與供應商建立長期互利共榮的伙伴,S,between_2_and_5_years,Yes,,Clear
tensor(10498),Yes,,G,already,Yes,,Clear
tensor(10499),Yes,藉由透過做出更精準的開,E,between_2_and_5_years,No,,Not Clear
tensor(10500),Yes,,E,already,Yes,##3年底聯盟成員針對完成議的比率92%,Clear
tensor(10501),Yes,,S,already,No,,Clear
tensor(10502),Yes,,G,between_2_and_5_years,No,,Not Clear
tensor(10503),Yes,,E,N/A,No,,Clear
tensor(10504),Yes,,E,already,Yes,,Clear
tensor(10505),Yes,,E,N/A,Yes,,Clear
tensor(10506),Yes,,G,already,No,,Clear
tensor(10507),Yes,期望透過不同管道之揭露、溝通及回饋，為所有利害關係人創造最大共益，邁向最卓越,S,between_2_and_5_years,Yes,,Not Clear
tensor(10508),Yes,,E,N/A,Yes,,Clear
tensor(10509),Yes,,E,already,Yes,,Not Clear
tensor(10510),Yes,,E,already,No,,Clear
tensor(10511),Yes,,G,already,Yes,平臺(financialinformationshnganaliscenter簡-,Clear
tensor(10512),Yes,強化營運,G,between_2_and_5_years,Yes,,Not Clear
tensor(10513),Yes,,E,already,Yes,,Clear
tensor(10514),Yes,,G,already,Yes,準則，透過官網之開放性問卷，蒐集外部利害關係人對本公司所定義的18項永續議題之關注程度，2024年共收回514份問卷，並參考近3年關注程度名次變化，以了解外部利害關係人對本公司永續議題關注情,Clear
tensor(10515),Yes,,E,already,No,,Clear
tensor(10516),Yes,,S,already,Yes,,Clear
tensor(10517),Yes,,G,already,Yes,,Clear
tensor(10518),Yes,,E,between_2_and_5_years,No,,Not Clear
tensor(10519),Yes,,G,already,Yes,其中會之目標（例如服務等），自2024年起每年於g執行委員會高階管理階層mbo比例7%以上,Clear
tensor(10520),Yes,,S,already,No,,Clear
tensor(10521),Yes,,S,between_2_and_5_years,Yes,"年統計，累積至2024年，已全各地完成1,599個成功案例涵蓋源等",Clear
tensor(10522),Yes,同實現的,E,between_2_and_5_years,No,,Clear
tensor(10523),Yes,,S,already,Yes,「,Clear
tensor(10524),Yes,，持續於理強化機制，隨時因應需求調整資源配置以確保領管理推行落,S,already,Yes,,Clear
tensor(10525),Yes,,G,between_2_and_5_years,No,,Not Clear
tensor(10526),Yes,,E,already,Yes,,Clear
tensor(10527),Yes,,S,already,Yes,,Clear
tensor(10528),Yes,,E,already,Yes,"平台」之「來」專案,於大溪事業區第6展開為期4年的計畫,並與當地族團體",Clear
tensor(10529),Yes,,G,already,No,,Clear
tensor(10530),Yes,,S,already,No,,Clear
tensor(10531),Yes,,S,already,Yes,「詢價單」與「訂購通知」中求應,Clear
tensor(10532),Yes,望透過建立機制，持續推動與題的合作，強化整體供應鏈對永續趨勢的因為風,S,between_2_and_5_years,Yes,,Not Clear
tensor(10533),Yes,發影響力帶動,S,between_2_and_5_years,Yes,包含,Not Clear
tensor(10534),Yes,,S,between_2_and_5_years,Yes,,Clear
tensor(10535),Yes,長期,G,already,Yes,定期舉辦辦會、東大會，並善用官網、投資者專線、郵箱等管道，即時回應投資者關切。2024年，鴻海共計召開4次法說會同時，我們採用圖文簡報及影音等多媒體形式解讀定期報告，提升資訊透明度。透過系統,Clear
tensor(10536),Yes,,S,already,Yes,平台，由客戶最在意的投保、理賠流程，擴及至企網、客戶app、電話服務中心、客服中心等關鍵接觸點設立nps調查機制，以了解客戶最真實的聲音與回饋。截至2024年，整體nps穩定成長，其中數位平台nps成長尤為顯著（成長11%）,Clear
tensor(10537),Yes,行動方推進管績效追蹤機制，協助投營運社區等利害關係人，全面掌握在永議題上的重視程度與具體作,G,between_2_and_5_years,Yes,,Not Clear
tensor(10538),Yes,期降促進,E,already,Yes,,Clear
tensor(10539),Yes,,G,already,No,,Clear
tensor(10540),Yes,,E,N/A,No,,Clear
tensor(10541),Yes,,G,already,No,,Clear
tensor(10542),Yes,,E,N/A,No,,Clear
tensor(10543),Yes,，實現與境的共榮，建立灣生環境堅實的,E,already,No,,Clear
tensor(10544),Yes,,S,already,Yes,與11所國內大學及31所海外大學、共計319名教授執行391件產學合作專案；自民國102年以來已累計提出311件國,Clear
tensor(10545),Yes,,S,already,Yes,截至民國113年，共協助5間供應商，整體產線異常次數自民國111年513次下降至82次、異常下降率達84%，冰水系統汰換設備年節電115.5萬度、減碳572.2,Clear
tensor(10546),Yes,,E,already,No,,Clear
tensor(10547),Yes,,G,already,Yes,,Clear
tensor(10548),Yes,,E,N/A,No,,Clear
tensor(10549),Yes,,S,between_2_and_5_years,No,,Not Clear
tensor(10550),Yes,關,S,between_2_and_5_years,No,,Not Clear
tensor(10551),Yes,,S,already,Yes,"累計達17所共57個學程，吸引超過1萬2,800名學生修習；其中，更特別開設「半備與技術」、「半體智慧製造」及「通識講座」3門課程並由台仁擔任開至人訓練中心上課，已累計逾1,840人次完訓",Clear
tensor(10552),Yes,,E,between_2_and_5_years,Yes,,Clear
tensor(10553),Yes,推,S,already,Yes,運據點皆依循當地勞動規，提供法定產假、陪產假、育嬰留職停薪、哺乳假等,Clear
tensor(10554),Yes,,S,already,Yes,,Clear
tensor(10555),Yes,,G,already,Yes,,Clear
tensor(10556),Yes,,G,between_2_and_5_years,No,,Not Clear
tensor(10557),Yes,持續投入為人類未來生活提供更高解決方案，打造低碳永,E,between_2_and_5_years,No,,Not Clear
tensor(10558),Yes,望能夠藉尋找溝通的基礎，從根源解決的問題，還給,E,between_2_and_5_years,No,,Clear
tensor(10559),Yes,續理念，推動達永續,E,between_2_and_5_years,No,,Clear
tensor(10560),Yes,,G,already,No,,Clear
tensor(10561),Yes,,S,already,Yes,,Clear
tensor(10562),Yes,推動實施相關策略，不達成目標期望開創創新的,S,between_2_and_5_years,No,,Not Clear
tensor(10563),Yes,,S,already,Yes,,Clear
tensor(10564),Yes,,G,between_2_and_5_years,No,,Not Clear
tensor(10565),Yes,,S,already,Yes,,Clear
tensor(10566),Yes,,S,between_2_and_5_years,Yes,,Clear
tensor(10567),Yes,,E,already,Yes,,Clear
tensor(10568),Yes,,E,already,No,,Clear
tensor(10569),Yes,,S,already,Yes,,Clear
tensor(10570),Yes,,S,already,Yes,,Clear
tensor(10571),Yes,,G,already,Yes,,Clear
tensor(10572),Yes,,S,between_2_and_5_years,No,,Not Clear
tensor(10573),Yes,,E,already,No,,Clear
tensor(10574),Yes,,S,already,Yes,,Clear
tensor(10575),Yes,,S,between_2_and_5_years,Yes,通機,Not Clear
tensor(10576),Yes,,G,already,Yes,,Clear
tensor(10577),Yes,,E,already,No,,Clear
tensor(10578),Yes,,E,already,Yes,盤查，參考af法學，逐年擴大投融資產盤查範疇；並建立年度控機制定期盤點與分析各子公司投融資組合,Clear
tensor(10579),Yes,,S,already,Yes,免費險持信託(股票市值.46億)、高額話費補貼、數位影音娛樂服務救助項請參考官網。2024年員工薪資與福利總費用計83.98億元。勞工退休金確提撥金2024年第4季合併財,Clear
tensor(10580),Yes,,G,between_2_and_5_years,No,,Not Clear
tensor(10581),Yes,,G,between_2_and_5_years,No,,Not Clear
tensor(10582),Yes,,S,already,Yes,,Clear
tensor(10583),Yes,,E,N/A,No,,Clear
tensor(10584),Yes,,G,already,Yes,動各項措施包括董事選舉全面採候選人提名制度、實施電子投票制度、股東會議事手冊及年報提前上傳、股東會議案採逐案票決、逐案揭露表決結果等，採行有效、合法及方便股東行使其東權的方式召開東會，鼓勵高出,Clear
tensor(10585),Yes,,S,between_2_and_5_years,Yes,##4年度藉由品質、技術、交期、服務和供應鏈生態系統永續發展等各方面指標名列前茅，得到客戶全面,Not Clear
tensor(10586),Yes,,G,already,Yes,,Clear
tensor(10587),Yes,,S,already,Yes,區皆設有「員工意見見箱」並建立個人資料保護機制,Clear
tensor(10588),Yes,,E,already,No,,Clear
tensor(10589),Yes,,S,already,Yes,,Clear
tensor(10590),Yes,,S,already,Yes,,Clear
tensor(10591),Yes,,S,already,Yes,」、「」、「通商品累計件數24件、保費累計10,Clear
tensor(10592),Yes,,S,already,Yes,「」府全等團等機構組期深耕至今已舉,Clear
tensor(10593),Yes,,G,already,Yes,,Clear
tensor(10594),Yes,,S,already,No,,Clear
tensor(10595),Yes,,S,already,Yes,"每個項目成立對應的品質改善小組（qualityimprovementteam,qit），品質改善小組依據欲改善之項目，由跨部門專業人員組成定期檢視改善進度並",Clear
tensor(10596),Yes,,S,already,Yes,保險公司之一，於官網成立「健保協同商保專區」提供癌症精準醫療、醫材、實支實付、重大傷病等四大類商品保障升級資訊，並在「全民健保行動快易通/健康存摺」app建置查詢入口，透過內部宣導及外部社群媒體的廣宣推播，2024年符合超高齡化社會醫療趨勢，持續新增如器官退化、癌症實驗等創新型態商品，專區截至2024年12月底總累計頁面瀏覽量約4萬,Clear
tensor(10597),Yes,續關注國內適時調整更新永續管理內容，以持續精進永續供應鏈管理,G,between_2_and_5_years,No,,Not Clear
tensor(10598),Yes,,E,already,No,,Clear
tensor(10599),Yes,,E,already,No,,Clear
tensor(10600),Yes,,G,already,Yes,##4年止，已取得qci、qsmc、qcmc、qmb與qmmc之iso50001,Clear
tensor(10601),Yes,,E,already,No,,Clear
tensor(10602),Yes,,E,N/A,No,,Clear
tensor(10603),Yes,,S,between_2_and_5_years,No,,Clear
tensor(10604),Yes,,S,already,Yes,,Clear
tensor(10605),Yes,,S,between_2_and_5_years,No,,Not Clear
tensor(10606),Yes,,G,already,No,,Clear
tensor(10607),Yes,,E,between_2_and_5_years,Yes,,Clear
tensor(10608),Yes,,S,already,Yes,,Clear
tensor(10609),Yes,,S,already,Yes,,Clear
tensor(10610),Yes,,E,N/A,No,,Clear
tensor(10611),Yes,,S,already,Yes,,Clear
tensor(10612),Yes,,E,N/A,No,,Clear
tensor(10613),Yes,司呼應國際趨勢，以四大管理策略，提前布局並採取行動，降低環,E,between_2_and_5_years,No,,Clear
tensor(10614),Yes,,S,between_2_and_5_years,Yes,,Not Clear
tensor(10615),Yes,,S,already,Yes,與將近100個國內、外,Clear
tensor(10616),Yes,,S,between_2_and_5_years,No,,Not Clear
tensor(10617),Yes,實際行動將永續發展理念融致達成永續發展目,S,already,Yes,,Clear
tensor(10618),Yes,,G,already,Yes,,Clear
tensor(10619),Yes,,G,already,Yes,,Clear
tensor(10620),Yes,,E,between_2_and_5_years,No,,Clear
tensor(10621),Yes,,S,already,No,,Clear
tensor(10622),Yes,,G,already,Yes,,Clear
tensor(10623),Yes,,S,already,Yes,,Clear
tensor(10624),Yes,,S,already,No,,Clear
tensor(10625),Yes,,S,already,Yes,海,Clear
tensor(10626),Yes,,E,N/A,No,,Clear
tensor(10627),Yes,,E,already,Yes,易額統,Clear
tensor(10628),Yes,,E,between_2_and_5_years,Yes,營收占比55.,Clear
tensor(10629),Yes,,E,already,Yes,交易所揭牌後批交易取得,Clear
tensor(10630),Yes,,G,between_2_and_5_years,Yes,,Not Clear
tensor(10631),Yes,，致力提升率達成目標實踐,S,already,Yes,,Clear
tensor(10632),Yes,,S,already,Yes,,Clear
tensor(10633),Yes,,S,between_2_and_5_years,Yes,,Clear
tensor(10634),Yes,持,E,already,Yes,司核心業務發行融資、發行信用卡、加強中小型企業貸款、辦理型,Clear
tensor(10635),Yes,,E,between_2_and_5_years,No,,Clear
tensor(10636),Yes,續追蹤實度提高,S,already,Yes,,Clear
tensor(10637),Yes,,S,already,Yes,,Clear
tensor(10638),Yes,,S,already,Yes,##4底總共數合計244次，,Clear
tensor(10639),Yes,,S,already,Yes,,Clear
tensor(10640),Yes,,E,already,No,,Clear
tensor(10641),Yes,,S,between_2_and_5_years,Yes,,Not Clear
tensor(10642),Yes,,E,between_2_and_5_years,No,,Clear
tensor(10643),Yes,,S,already,Yes,入選「數(world)」並連續10年名列「治理評鑑」前5%、連續7年入選「臺灣永續指數」，於「a台灣業永續獎」囊括12座獎項，總獲獎數全台,Clear
tensor(10644),Yes,,G,already,No,,Clear
tensor(10645),Yes,,S,already,Yes,關產品與服務的設計「客戶需求」「客戶需求、實現理財目標、全生命週期服務」的理財規劃團隊數位金融進線上線下,Not Clear
tensor(10646),Yes,,G,already,No,,Clear
tensor(10647),Yes,,S,already,Yes,,Clear
tensor(10648),Yes,,S,already,Yes,,Not Clear
tensor(10649),Yes,步強化內韌性，深化協作，推動,S,between_2_and_5_years,No,,Not Clear
tensor(10650),Yes,,E,N/A,Yes,,Clear
tensor(10651),Yes,,S,already,Yes,舉行,Clear
tensor(10652),Yes,,S,already,Yes,,Clear
tensor(10653),Yes,擴大讓更多人關注,E,already,Yes,"範基,提供",Clear
tensor(10654),Yes,,G,already,No,,Clear
tensor(10655),Yes,,G,already,Yes,網路及公,Clear
tensor(10656),Yes,全持,E,between_2_and_5_years,No,,Not Clear
tensor(10657),Yes,,S,already,Yes,2024年，我們共執行229家第一階應商實體永續性稽核(包含現場/遠端稽核與rbavap,Clear
tensor(10658),Yes,,E,between_2_and_5_years,No,,Not Clear
tensor(10659),Yes,促進以永續實踐永續,S,between_2_and_5_years,Yes,,Not Clear
tensor(10660),Yes,,G,already,No,,Clear
tensor(10661),Yes,,S,between_2_and_5_years,Yes,依照之需求評估外採,Not Clear
tensor(10662),Yes,,S,already,Yes,官網公布訂定《》《,Clear
tensor(10663),Yes,,G,already,Yes,,Clear
tensor(10664),Yes,,E,between_2_and_5_years,No,,Clear
tensor(10665),Yes,行實現公共福祉核心目標,S,between_2_and_5_years,No,,Not Clear
tensor(10666),Yes,,G,already,Yes,##4共6均率95.2%,Clear
tensor(10667),Yes,,G,already,Yes,,Clear
tensor(10668),Yes,,E,N/A,Yes,(unbund,Clear
tensor(10669),Yes,,S,already,Yes,(1)啟動評首批評價項目包括。(2)新增勞工人權評價項目並標國際評價指標、相關標準及客戶要求。(3)「供應商esg管理平台」含有esg績效評價功能，通過供應商自評及上傳佐證方式，評價供應商的esg表現。(4)推動,Clear
tensor(10670),Yes,,S,between_2_and_5_years,No,,Not Clear
tensor(10671),Yes,,S,already,Yes,「」規定，櫃存款、提款款時戶服務中,Clear
tensor(10672),Yes,,S,already,Yes,,Clear
tensor(10673),Yes,,S,already,Yes,,Clear
tensor(10674),Yes,,S,between_2_and_5_years,No,,Not Clear
tensor(10675),Yes,,S,already,Yes,層中階主管「領學程」，設置先修及選修制度並引進客觀測驗評量工具，協助提供有效培訓,Clear
tensor(10676),Yes,,E,between_2_and_5_years,No,,Clear
tensor(10677),Yes,,E,already,No,,Clear
tensor(10678),Yes,,S,already,Yes,服務流程、打造舒適的客休環境、提供多元親子與數位互動體驗，亦透過e化系統導入創新服務模式同時積極邀請民參與品牌活動，讓每位每一次互動,Clear
tensor(10679),Yes,,S,already,Yes,"執行內外部核涵蓋以下廠區員工總人數3,981人，非員工者人數1,846人涵蓋率",Clear
tensor(10680),Yes,,G,already,No,,Clear
tensor(10681),Yes,,S,between_2_and_5_years,Yes,,Clear
tensor(10682),Yes,,E,between_2_and_5_years,No,,Clear
tensor(10683),Yes,,S,already,Yes,立完善的分級制度及處理流程確時效內有效決戶,Clear
tensor(10684),Yes,,G,already,Yes,,Clear
tensor(10685),Yes,,S,already,Yes,,Clear
tensor(10686),Yes,會責任，提升永續競爭力，創造永續未,S,between_2_and_5_years,No,,Not Clear
tensor(10687),Yes,,E,N/A,No,,Clear
tensor(10688),Yes,,G,already,No,,Clear
tensor(10689),Yes,,E,already,Yes,明部長會彭金隆主委的見證總會陳慧遊代理理事長與全體35個團體會員,Clear
tensor(10690),Yes,,S,between_2_and_5_years,No,,Clear
tensor(10691),Yes,,G,already,Yes,,Clear
tensor(10692),Yes,,S,already,Yes,,Clear
tensor(10693),Yes,,S,already,Yes,,Clear
tensor(10694),Yes,,E,already,No,,Clear
tensor(10695),Yes,,G,already,Yes,過專案融資、色貸款、永續績效連結貸款以及關專案避險與諮詢等產品服務，提海外推出,Clear
tensor(10696),Yes,,E,N/A,Yes,,Clear
tensor(10697),Yes,,S,already,Yes,年分別於高雄、臺北及臺南等地舉辦3場桌球、羽球、棒球育樂營，參與人數約900人，提供球員有形的資源及寶貴的經驗,Clear
tensor(10698),Yes,,E,between_2_and_5_years,Yes,,Clear
tensor(10699),Yes,,E,already,Yes,,Clear
tensor(10700),Yes,,E,already,Yes,,Clear
tensor(10701),Yes,,E,already,Yes,"定執行每年次業。2024年廠區事業共1,328,920噸其中一事1,328,435噸，皆為。2024年未發",Clear
tensor(10702),Yes,,E,already,No,,Clear
tensor(10703),Yes,,G,between_2_and_5_years,No,,Not Clear
tensor(10704),Yes,,G,already,No,,Clear
tensor(10705),Yes,,S,already,Yes,,Clear
tensor(10706),Yes,,E,between_2_and_5_years,Yes,,Clear
tensor(10707),Yes,,E,already,Yes,,Clear
tensor(10708),Yes,,S,already,Yes,"金會社團華2024年於金管會主辦之微型保險競賽榮獲「業務績優獎」及「身心障礙關懷獎」肯定。2024年擴大服務南投縣政府轄下弱勢民眾超過6,800人並將服務觸角延伸至南投縣原住民，人數超過10,000人。自2016年起至2024年底累計捐贈金額7,310萬，2024年度共計守護全臺弱勢族群55,938人、保額達新臺幣164.2億元",Clear
tensor(10709),Yes,,G,between_2_and_5_years,No,,Not Clear
tensor(10710),Yes,,G,already,Yes,,Clear
tensor(10711),Yes,,E,already,No,,Clear
tensor(10712),Yes,,S,already,Yes,,Clear
tensor(10713),Yes,,E,already,No,,Clear
tensor(10714),Yes,,S,already,Yes,之(眼睛、耳朵、髖關節、膝關節)提供保障本商品承保年齡為30~70歲，可保障至被保險人80歲屆滿，且符合條款規定滿期可領取變動康的無理賠回饋保險金，為。提供無理賠回饋保險金及外溢(健康檢查)保費折扣,Clear
tensor(10715),Yes,,G,already,Yes,,Clear
tensor(10716),Yes,,S,already,Yes,,Clear
tensor(10717),Yes,,S,already,Yes,成立務編組邀請各區隊員擔任講師進行演實警報、滅火、疏散標準流,Clear
tensor(10718),Yes,,G,already,No,,Clear
tensor(10719),Yes,,S,between_2_and_5_years,Yes,,Clear
tensor(10720),Yes,,S,already,Yes,至全球150所大學350多名獲得,Clear
tensor(10721),Yes,,E,N/A,No,,Clear
tensor(10722),Yes,,G,already,No,,Clear
tensor(10723),Yes,,E,N/A,No,,Clear
tensor(10724),Yes,,E,already,No,,Clear
tensor(10725),Yes,,S,between_2_and_5_years,Yes,,Clear
tensor(10726),Yes,,S,between_2_and_5_years,Yes,培育班」「實務研習,Not Clear
tensor(10727),Yes,,G,already,No,,Clear
tensor(10728),Yes,,S,already,Yes,,Clear
tensor(10729),Yes,,S,between_2_and_5_years,No,,Not Clear
tensor(10730),Yes,,S,between_2_and_5_years,Yes,透過問卷調查等方式,Not Clear
tensor(10731),Yes,,S,between_2_and_5_years,Yes,系統的訓練人才發展政策，提供多種學習機會幫助員工提,Clear
tensor(10732),Yes,,S,already,Yes,,Clear
tensor(10733),Yes,,S,already,No,,Clear
tensor(10734),Yes,,S,already,Yes,、贈物資、工人力、機票換,Clear
tensor(10735),Yes,將持續規劃實施各項,E,already,Yes,較前.%年比例達16.5%順利達成2023年所設定之,Clear
tensor(10736),Yes,,S,already,Yes,化網路門市與中華電信app二大數位觸點之銷售與服務旅程，於網路門市提供單一入口服務、優化客戶滿意度調查介面、新增寬頻加購mod及商品機制、新增行動寬頻月租型資費新申請之門號篩選功能、新增固網/市話數位簽章及視訊客服查核流程等，簡化線上申請手續，提供更便捷貼心與效率兼具之服務，提升客戶服務體驗,Clear
tensor(10737),Yes,,E,between_2_and_5_years,Yes,估、略擬定及執行等事務，由產部門副總負責監督納,Clear
tensor(10738),Yes,,S,already,Yes,五年我們針對產品、技術支援、交期、銷售服務、rma流程以及官網等不同面向進行評比，藉此全方面地評估客戶對我們的滿意度並針對不足之處,Not Clear
tensor(10739),Yes,,E,between_2_and_5_years,No,,Clear
tensor(10740),Yes,同減少對擊為,E,between_2_and_5_years,No,,Clear
tensor(10741),Yes,,S,already,No,,Clear
tensor(10742),Yes,,E,already,Yes,服務」、「個人金融服務」、「專案融資」、「資產管理」、「諮詢業務」、「保險」六大類相關業務皆活動品項範圍涵蓋,Clear
tensor(10743),Yes,,E,N/A,No,,Clear
tensor(10744),Yes,,S,already,Yes,,Clear
tensor(10745),Yes,,S,already,Yes,創銀行及證券雙向數位身分認證，針對全新顧客主推三合一(臺股、美股、基金帳戶)及結合分戶帳線上開戶，免銀行加開交割帳戶，即能一次完成臺股、複委託、財管帳戶開立，顧客省時又便,Clear
tensor(10746),Yes,,S,already,No,,Clear
tensor(10747),Yes,,S,already,Yes,院所配合至內接種，提供優惠及便利的苗給員工接種，2024年度員工接種人數228人區各區,Clear
tensor(10748),Yes,,S,already,Yes,##omerservice,Clear
tensor(10749),Yes,,S,between_2_and_5_years,Yes,,Not Clear
tensor(10750),Yes,此建構一個完進而提升整,S,already,Yes,制度首先針對應以現況評估、、循環調查四個步驟進行評鑑，2024年共完成96家供應商資評鑑，後續逐年擴大評鑑範圍並且三年執行一次循環,Clear
tensor(10751),Yes,,S,already,Yes,設,Clear
tensor(10752),Yes,,E,already,Yes,"人壽大樓、建北大樓、敦南大樓、渣打銀行大樓、臺中文心樓和美術館樓備，2024年度本公司總發電量達167,625度，較2023年增加約42,680度長34.2%徑，逐步減降自身營運電用量，另於2023年啟動購置評估作業並自2024年導入約178.5萬度",Clear
tensor(10753),Yes,,S,already,Yes,"區之風險或機會進行分析評估後，於2024年底更新集團社會共榮主軸，分別為「金融教育」、「弱勢關懷」、「文化傳承」、「生態永續」四大社會共榮主軸，同時回應聯合國永續發展目標(sustainabledevelopmentgoals,sdgs)，發揮正向影響力。2024年兆豐銀行及保險蟬聯「保險信望愛獎-最佳社會責任獎」優選獎，社會共榮成果備各",Clear
tensor(10754),Yes,,G,already,Yes,備供應散造產地供應鏈策略2.產品3,Clear
tensor(10755),Yes,強化辨識關風險機會邁向低永,E,already,No,,Clear
tensor(10756),Yes,,S,between_2_and_5_years,No,,Not Clear
tensor(10757),Yes,,E,between_2_and_5_years,No,,Clear
tensor(10758),Yes,,G,already,No,,Clear
tensor(10759),Yes,,S,already,Yes,，提供外部訓練機會供同仁進修並全額補貼，內部也會舉辦技能訓練工作坊，增進,Clear
tensor(10760),Yes,,S,already,Yes,,Clear
tensor(10761),Yes,,G,already,Yes,,Clear
tensor(10762),Yes,續議題,G,already,Yes,、行使投票權、與對話互動等,Not Clear
tensor(10763),Yes,將持續精進理效能，朝向「零」的目標邁進，實踐承諾，促進永續,S,between_2_and_5_years,Yes,設施教育訓練及申訴回應機制,Clear
tensor(10764),Yes,,E,already,Yes,,Clear
tensor(10765),Yes,,E,already,No,,Clear
tensor(10766),Yes,,E,already,Yes,,Clear
tensor(10767),Yes,,S,already,Yes,"占比截至2024年底，集團高階主管共323人，女性占48.3%，初階主管共1,426人，女性占49.3%女性擔任具收入成長功能管理職位者占47.5%，具有科學、科技、工程與數學(science,technology,engineering,mathematics,stem)等職能要求之相關職務女性員工共計507人占stem相關職務之比重為",Clear
tensor(10768),Yes,,S,already,Yes,戶滿意度調查為2年進行一次，2024年整體滿意度分數達89.672024年客戶滿意度調查結果年度客戶滿意比例為94.2,Clear
tensor(10769),Yes,,S,already,Yes,,Clear
tensor(10770),Yes,,E,between_2_and_5_years,Yes,,Not Clear
tensor(10771),Yes,,G,already,Yes,,Clear
tensor(10772),Yes,致力引導邁向為,E,already,Yes,,Clear
tensor(10773),Yes,,E,between_2_and_5_years,No,,Clear
tensor(10774),Yes,致力於永續價值的創造，透過與外部利害關係人的交分享，將的永續策略持續向外擴展進而與社會各群體共同攜手邁向正向循環的永續,G,between_2_and_5_years,No,,Not Clear
tensor(10775),Yes,將持續每年定期發落實業永續行動,G,already,Yes,,Clear
tensor(10776),Yes,,G,already,Yes,,Clear
tensor(10777),Yes,,E,N/A,Yes,及額外6架機之購選擇架,Clear
tensor(10778),Yes,,E,already,Yes,京,Clear
tensor(10779),Yes,,G,already,No,,Clear
tensor(10780),Yes,期未來可發為未來建建立未來,E,already,No,,Clear
tensor(10781),Yes,,E,already,No,,Clear
tensor(10782),Yes,,S,already,Yes,實施範圍涵區共計,Clear
tensor(10783),Yes,未來將持續管理策略，致力減緩潛擊推動永續的長期,E,already,Yes,為資、債投資、商業不動產融資、主權債務、長/短期商業貸款、發電專融資、房屋貸款、機動車貸款等,Clear
tensor(10784),Yes,,S,already,Yes,年12月底，款金額佔銀餘額%,Clear
tensor(10785),Yes,,S,already,Yes,,Clear
tensor(10786),Yes,,S,already,Yes,「社區發展」、「慈善關懷」、「急難救助」及「文化發展」四大，歷年來持續執行銀髮族長照、弱勢族群支持、兒少關懷及新創助力等主題專案，以期能促進社會的多元共融展，同時設有社區及民眾之雙向交流平台，保持流暢的溝通管道，與社區民眾,Clear
tensor(10787),Yes,,S,already,Yes,,Clear
tensor(10788),Yes,們將持續推動相關方案，協助不同利害關係人面臨,S,between_2_and_5_years,Yes,,Not Clear
tensor(10789),Yes,,E,already,Yes,全數據納入「年理內,Clear
tensor(10790),Yes,,G,already,No,,Clear
tensor(10791),Yes,內訂中長期,G,between_2_and_5_years,No,,Not Clear
tensor(10792),Yes,,G,already,No,,Clear
tensor(10793),Yes,,E,already,No,,Clear
tensor(10794),Yes,,E,between_2_and_5_years,No,,Not Clear
tensor(10795),Yes,,E,between_2_and_5_years,No,,Not Clear
tensor(10796),Yes,,G,already,No,,Clear
tensor(10797),Yes,,S,already,Yes,##4,Clear
tensor(10798),Yes,,G,already,Yes,,Clear
tensor(10799),Yes,,S,already,Yes,,Clear
tensor(10800),Yes,,S,already,Yes,召開管理會議派員主持，參人員各相關部門主管，並由稽核室進行內部稽核及委由外部查驗機構執行iso27001第三方驗證，確認管理制度績效,Clear
tensor(10801),Yes,,S,already,Yes,,Clear
tensor(10802),Yes,,S,between_2_and_5_years,No,,Not Clear
tensor(10803),Yes,,S,between_2_and_5_years,No,,Not Clear
tensor(10804),Yes,,S,already,Yes,,Clear
tensor(10805),Yes,,E,already,No,,Clear
tensor(10806),Yes,,S,already,No,,Clear
tensor(10807),Yes,,G,already,No,,Clear
tensor(10808),Yes,,S,already,Yes,,Clear
tensor(10809),Yes,,E,already,Yes,,Clear
tensor(10810),Yes,,S,already,Yes,海商業儲蓄銀行慈善基金會一同前進老五老基金會-石碇服務中心探訪，並捐贈保溫餐車、真空機、冰箱、電子煮飯鍋及電視等生活設備，協助提升該中心服務品質，也確保長者餐食的安全衛生問,Clear
tensor(10811),Yes,,G,already,Yes,,Clear
tensor(10812),Yes,將持續優化資訊整合流程，提升全度之一致性露透明度，並於未來報告中持續補充，以回應利害關係人對議題的關注，並實踐企業作為永續雇主的核心責任,S,between_2_and_5_years,Yes,,Not Clear
tensor(10813),Yes,,G,already,Yes,,Clear
tensor(10814),Yes,,S,between_2_and_5_years,Yes,,Clear
tensor(10815),Yes,,E,N/A,No,,Clear
tensor(10816),Yes,,E,already,No,,Clear
tensor(10817),Yes,,S,already,Yes,實施內,Clear
tensor(10818),Yes,,S,already,Yes,針對年資1~3年營業單位基層職位行員開辦「金融專業基礎課程」(簡稱「金專b(asic)課程」)普訓訓練外，另接續開辦「金融專業進階學程」，(簡稱「金專a(dvanced)學程」)，對具潛力之年資4年以上營業單位基層職位行員進行多元化培訓，學儲備多元人才為,Clear
tensor(10819),Yes,,E,N/A,No,,Clear
tensor(10820),Yes,,G,between_2_and_5_years,No,,Not Clear
tensor(10821),Yes,,S,already,No,,Clear
tensor(10822),Yes,,E,already,Yes,,Clear
tensor(10823),Yes,,S,between_2_and_5_years,No,,Not Clear
tensor(10824),Yes,,S,already,Yes,大行小組成員論及彙整內外部害關係(包,Clear
tensor(10825),Yes,,G,between_2_and_5_years,Yes,新產品組合、維持良好司治理架構並保持組織高效能運作、培育優秀人才及,Not Clear
tensor(10826),Yes,,S,between_2_and_5_years,No,,Clear
tensor(10827),Yes,,E,already,No,,Clear
tensor(10828),Yes,,S,already,Yes,,Clear
tensor(10829),Yes,,S,already,Yes,,Clear
tensor(10830),Yes,,S,already,Yes,,Clear
tensor(10831),Yes,,S,between_2_and_5_years,Yes,,Clear
tensor(10832),Yes,,E,between_2_and_5_years,No,,Not Clear
tensor(10833),Yes,提持，以實際行動回饋社會創造更包,S,already,No,,Not Clear
tensor(10834),Yes,,E,already,No,,Clear
tensor(10835),Yes,,S,already,Yes,萬的件數降低至民國年的26%越原%年目,Clear
tensor(10836),Yes,,S,between_2_and_5_years,Yes,,Clear
tensor(10837),Yes,,S,already,Yes,項學合作教育培育發促進。除透過設備廠商提供之課程進行內部訓練，也與國立臺灣海洋大學及國立高雄科技大學進行產學合作，透過研究資源與硬體支援互補，攜手培育勤人員縮短學校教育,Clear
tensor(10838),Yes,,G,already,Yes,,Clear
tensor(10839),Yes,,S,already,Yes,,Clear
tensor(10840),Yes,,G,already,No,,Not Clear
tensor(10841),Yes,,S,already,Yes,體驗眾,Clear
tensor(10842),Yes,望實,S,between_2_and_5_years,No,,Not Clear
tensor(10843),Yes,,E,already,Yes,北做為,Clear
tensor(10844),Yes,,S,already,Yes,,Clear
tensor(10845),Yes,,G,already,Yes,,Clear
tensor(10846),Yes,,S,already,Yes,國地區納入「員」,Clear
tensor(10847),Yes,,G,already,No,,Clear
tensor(10848),Yes,,S,already,No,,Clear
tensor(10849),Yes,,S,already,Yes,"大學籃球隊，設立球員獎學金計畫，總額高達新臺幣28萬元，專為14名球員提供每人每學年新臺幣20,000元的獎學金",Clear
tensor(10850),Yes,,E,N/A,No,,Clear
tensor(10851),Yes,,G,already,Yes,"幣3,577億元業單位稅前淨利台幣1億均員工人數收金額為台幣143億元類別包含營利事業所得、營業淨收益%繼營業單位稅前淨利球稅前淨利%平均員工人數占全球員工人數",Clear
tensor(10852),Yes,,E,already,No,,Clear
tensor(10853),Yes,,G,between_2_and_5_years,No,,Clear
tensor(10854),Yes,,S,between_2_and_5_years,Yes,灣、馬來西亞及墨西哥的三大營運據點，員工組成主要來自10個不同國家其中以台灣、墨西哥與菲律賓佔比為前三名，占總員工數89.83%,Clear
tensor(10855),Yes,,S,already,Yes,股東權益報酬率（roe%）、營業利益率（%）、每股盈餘（eps）及總股東報酬率（tsr)為績效指標，訂定為期4年之esg評級納入績效指標，並自2024年起新增溫室氣體排放減量及女性董事席次占比等esg績效指標，強化經理人薪酬與esg績效連結,Clear
tensor(10856),Yes,,S,already,Yes,訂定「政策」，任，情予，另除張貼「免於性騷擾」廣告文宣外，更成立「性騷擾申訴評議委員會」，由外部專家委員以專業及超然立場處理性騷擾申訴案件；此外，也設立性騷擾申訴專線，建構暢通的申訴管道，並以密件方式處理申訴,Clear
tensor(10857),Yes,幫助更,S,between_2_and_5_years,No,,Not Clear
tensor(10858),Yes,,E,N/A,No,,Clear
tensor(10859),Yes,,G,already,No,,Clear
tensor(10860),Yes,,S,between_2_and_5_years,No,,Clear
tensor(10861),Yes,,S,already,Yes,各、語、2024年度申,Clear
tensor(10862),Yes,,E,already,Yes,年e評比中，榮獲「供應鏈citi指數」與「指數」雙料大中華區冠軍,Clear
tensor(10863),Yes,,G,already,No,,Clear
tensor(10864),Yes,,S,between_2_and_5_years,No,,Not Clear
tensor(10865),Yes,,S,between_2_and_5_years,Yes,生關懷,Not Clear
tensor(10866),Yes,,S,between_2_and_5_years,No,,Not Clear
tensor(10867),Yes,,S,already,Yes,(ive),Clear
tensor(10868),Yes,,G,already,Yes,,Clear
tensor(10869),Yes,,S,already,Yes,,Clear
tensor(10870),Yes,對建立機制協動以期降低,S,already,Yes,,Clear
tensor(10871),Yes,最終實現一個更永續,G,between_2_and_5_years,Yes,,Not Clear
tensor(10872),Yes,,S,already,Yes,「體驗」為計畫主軸全面動項,Clear
tensor(10873),Yes,達資永續循環讓徹底,E,between_2_and_5_years,No,,Not Clear
tensor(10874),Yes,,G,already,Yes,,Clear
tensor(10875),Yes,,E,between_2_and_5_years,No,,Clear
tensor(10876),Yes,期節目標提升用,E,between_2_and_5_years,No,,Not Clear
tensor(10877),Yes,,S,between_2_and_5_years,No,,Not Clear
tensor(10878),Yes,,E,between_2_and_5_years,Yes,,Clear
tensor(10879),Yes,,E,already,No,,Clear
tensor(10880),Yes,,S,already,Yes,期進行內外部並藉由核會議向層進行匯,Clear
tensor(10881),Yes,,G,already,No,,Clear
tensor(10882),Yes,,S,already,Yes,,Clear
tensor(10883),Yes,,E,between_2_and_5_years,No,,Not Clear
tensor(10884),Yes,,S,already,Yes,「」不論身處飛行、空服、維修、簽派、機場、內勤，每一位同仁s.o.p.於發製作拍攝「降」,Clear
tensor(10885),No,,E,N/A,No,,Clear
tensor(10886),Yes,,G,already,Yes,,Clear
tensor(10887),Yes,,E,already,No,,Clear
tensor(10888),Yes,,S,between_2_and_5_years,Yes,,Clear
tensor(10889),Yes,,G,already,Yes,,Clear
tensor(10890),Yes,,E,between_2_and_5_years,No,,Clear
tensor(10891),Yes,,E,already,Yes,,Clear
tensor(10892),Yes,,G,already,Yes,,Clear
tensor(10893),Yes,,G,already,No,,Clear
tensor(10894),Yes,,S,already,Yes,,Clear
tensor(10895),Yes,目標,E,N/A,Yes,為、,Clear
tensor(10896),Yes,,S,between_2_and_5_years,No,,Not Clear
tensor(10897),Yes,,G,already,No,,Clear
tensor(10898),Yes,,E,between_2_and_5_years,No,,Clear
tensor(10899),Yes,,S,already,Yes,提供險包括壽險、疾病險、醫療險,Clear
tensor(10900),Yes,,E,already,Yes,,Clear
tensor(10901),Yes,傳給下一,E,already,No,,Clear
tensor(10902),Yes,,G,already,No,,Clear
tensor(10903),Yes,,S,already,No,,Clear
tensor(10904),Yes,,S,already,Yes,定供應商信守則起，逐步擴大管理之強度及規模，透過供應商行為準則等規章以及評鑑制度嚴加把關供應鏈合作夥伴，並透過供應商輔導、培力訓練等措施，期望與供應,Clear
tensor(10905),Yes,,S,between_2_and_5_years,No,,Clear
tensor(10906),Yes,,G,already,Yes,業規範系統設,Clear
tensor(10907),Yes,,S,already,Yes,",4",Clear
tensor(10908),Yes,,S,between_2_and_5_years,No,,Not Clear
tensor(10909),Yes,,S,already,Yes,年、2010年分別成立「上海商銀文教基金會」、「上海商銀慈善基金會」，近年來積極透過本行業務，結合信用卡發卡回饋，或職業認同卡行員工組成大隊,Clear
tensor(10910),Yes,,G,between_2_and_5_years,No,,Not Clear
tensor(10911),Yes,,E,already,Yes,,Clear
tensor(10912),Yes,持續確,S,already,Yes,,Clear
tensor(10913),Yes,透過定期專責，每達,S,already,Yes,,Not Clear
tensor(10914),Yes,,E,already,No,,Clear
tensor(10915),Yes,,G,already,No,,Clear
tensor(10916),Yes,,E,N/A,No,,Clear
tensor(10917),Yes,,S,already,Yes,,Clear
tensor(10918),Yes,,S,already,No,,Clear
tensor(10919),Yes,,S,between_2_and_5_years,Yes,體務階層,Clear
tensor(10920),Yes,,E,N/A,No,,Clear
tensor(10921),Yes,此逐步推動原的工作，為提升資源使用效率與回收率奠定基礎,E,between_2_and_5_years,No,,Not Clear
tensor(10922),Yes,,E,already,No,,Clear
tensor(10923),Yes,,S,already,Yes,總工福利會因此於永續管理上對「sdg8就業與經濟成長」、「sdg4優質教育」、「sdg12責任消費與生產」、「sdg14永續海洋與保育」和「sdg15陸域生態」產生較大之正向影響力貢獻「sdg7負擔續能源」、「sdg13動」與「sdg6淨」,Clear
tensor(10924),Yes,內外能量推驅動力量達到推動社會,S,already,Yes,,Not Clear
tensor(10925),Yes,,G,already,No,,Clear
tensor(10926),Yes,,S,already,No,,Clear
tensor(10927),Yes,持續強化營運韌性積極將成長未來發展策，推動前瞻性的轉型行動，強化低碳產品與解決方案布,E,between_2_and_5_years,No,,Not Clear
tensor(10928),Yes,能夠逐步弭加速,S,between_2_and_5_years,No,,Not Clear
tensor(10929),Yes,,S,already,Yes,,Clear
tensor(10930),Yes,,E,N/A,No,,Clear
tensor(10931),Yes,,G,already,No,,Clear
tensor(10932),Yes,,E,N/A,Yes,、「」及「,Clear
tensor(10933),Yes,,E,already,No,,Clear
tensor(10934),Yes,,S,already,No,,Clear
tensor(10935),Yes,,E,already,Yes,,Clear
tensor(10936),Yes,,S,already,Yes,擇工每月按薪資2%提撥退休準備金，交由勞工退休準備金監督委員會管理，並以該委員會名義存入台灣銀行帳戶月1日實施之新制「勞工退休金條例」，電信針對選擇新制之員工依其每月薪資6%投保，按月提繳勞保退休準備金,Clear
tensor(10937),Yes,,S,already,Yes,透過電2024年共關懷5個社區，執,Clear
tensor(10938),Yes,,E,already,Yes,,Clear
tensor(10939),Yes,,S,already,Yes,幣,Clear
tensor(10940),Yes,,G,already,Yes,站網站建子件信、,Clear
tensor(10941),Yes,致力,E,already,No,,Clear
tensor(10942),Yes,,S,already,No,,Clear
tensor(10943),Yes,,S,already,No,,Clear
tensor(10944),Yes,,E,between_2_and_5_years,No,,Clear
tensor(10945),Yes,,G,already,No,,Clear
tensor(10946),Yes,長期保育進而提升公眾對生態護的意識支,E,between_2_and_5_years,No,,Clear
tensor(10947),Yes,,S,already,Yes,理系統成立負責對,Clear
tensor(10948),Yes,,G,already,No,,Clear
tensor(10949),Yes,,E,N/A,No,,Clear
tensor(10950),Yes,,G,already,No,,Clear
tensor(10951),Yes,,S,already,Yes,體定「行為準則」、「經營守則」、「經業行為指南」、「準則」、「資訊安全政策」、「企業永續實務守則」、「供應商行為準則」,Clear
tensor(10952),Yes,,E,already,Yes,,Clear
tensor(10953),Yes,結果確保落實,G,between_2_and_5_years,Yes,,Not Clear
tensor(10954),Yes,,E,N/A,Yes,,Clear
tensor(10955),Yes,,S,already,Yes,,Clear
tensor(10956),Yes,,S,between_2_and_5_years,No,,Clear
tensor(10957),Yes,,S,already,Yes,,Clear
tensor(10958),Yes,,G,already,Yes,,Clear
tensor(10959),Yes,,E,already,No,,Clear
tensor(10960),Yes,,G,between_2_and_5_years,Yes,,Not Clear
tensor(10961),Yes,,E,N/A,No,,Clear
tensor(10962),Yes,,S,already,Yes,##4全年度12個部門參與，共計鑑別完成訂,Clear
tensor(10963),Yes,,G,already,No,,Clear
tensor(10964),Yes,,G,already,Yes,,Clear
tensor(10965),Yes,,S,between_2_and_5_years,Yes,,Clear
tensor(10966),Yes,,G,already,Yes,,Clear
tensor(10967),Yes,,S,already,Yes,,Clear
tensor(10968),Yes,,S,already,Yes,，2024年較去年關鍵績效指標可記錄數，連續四年呈現穩定,Clear
tensor(10969),Yes,,S,already,Yes,,Clear
tensor(10970),Yes,,E,already,No,,Clear
tensor(10971),Yes,,E,already,Yes,,Clear
tensor(10972),Yes,,S,already,Yes,由萬,Clear
tensor(10973),Yes,,E,N/A,No,,Clear
tensor(10974),Yes,,S,already,Yes,,Clear
tensor(10975),Yes,,E,between_2_and_5_years,Yes,,Not Clear
tensor(10976),Yes,,S,already,Yes,監督管理委員會「金融服務業公平待客原則」及相關函令落實執行，亦訂有「金融友善服務注意事項事項」，確服務政策策內規章及行為守則納入教育訓練課程，定期辦理教育宣導人,Clear
tensor(10977),Yes,持續,E,between_2_and_5_years,No,,Clear
tensor(10978),Yes,,S,already,Yes,區兒童醫院合作協助醫院宣傳募款，支持加州的choc(childrenshealthoforangecounty)、st.jude兒童醫院(st.judechildren'shospital)、辛辛那堤兒童醫院(cincinnatischildren'shospital)，關注重症孩童的醫,Clear
tensor(10979),Yes,,S,between_2_and_5_years,Yes,,Clear
tensor(10980),Yes,,E,N/A,No,,Clear
tensor(10981),Yes,,E,N/A,Yes,,Clear
tensor(10982),Yes,,G,already,No,,Clear
tensor(10983),Yes,,G,already,No,,Clear
tensor(10984),Yes,,S,already,Yes,,Clear
tensor(10985),Yes,,E,already,Yes,,Clear
tensor(10986),Yes,,G,already,No,,Clear
tensor(10987),Yes,,S,already,Yes,部門指派esg人員共計10人，負責esg相關事宜之聯繫及指派esg各項專案之參與人員透過esg教育訓練強化esg評估概念決策流程，於2024年度投資相關部門持續派人參與esg投資管理分析師課程及永續金融證照基礎、進階能力課程並考取相關證照，未來參與外部或本公司所舉辦之esg,Clear
tensor(10988),Yes,未來,S,already,Yes,坊,Clear
tensor(10989),Yes,,E,N/A,No,,Clear
tensor(10990),Yes,,S,already,Yes,,Clear
tensor(10991),Yes,,E,already,Yes,"，2024年新增148,937要保人申辦電子通知單，共節省1,191,496張紙可減少25,783公斤的量。累積至2024年總申辦1,627,050要保人，共節省逾13,016,400件紙本，減少281,665公",Clear
tensor(10992),Yes,,S,already,Yes,,Clear
tensor(10993),Yes,,S,already,Yes,,Clear
tensor(10994),Yes,,E,between_2_and_5_years,No,,Not Clear
tensor(10995),Yes,,G,already,Yes,度制定資標準,Clear
tensor(10996),Yes,,S,between_2_and_5_years,No,,Clear
tensor(10997),Yes,,G,between_2_and_5_years,No,,Not Clear
tensor(10998),Yes,,S,already,Yes,灣偏鄉地區及離島地區舉辦系列進行近距離接,Clear
tensor(10999),Yes,,S,already,Yes,,Clear
tensor(11000),Yes,,S,already,Yes,,Not Clear
